Audio & Hifi,Apple,Apple EarPods met lightning aansluiting,3.6,1351,/nl/nl/p/apple-earpods-met-lightning-aansluiting/9200000065666274/,21.95
Audio & Hifi,Cartronix,1Din autoradio – met navigatie – Klapscherm – Gratis Camera – Bluetooth – CD – DVD – Gesch,3.0,2,/nl/nl/p/1din-autoradio-met-navigatie-klapscherm-gratis-camera-bluetooth-cd-dvd-gesch/9200000094187793/,249.99
Audio & Hifi,PowerLocus,PowerLocus P2 draadloze Over-Ear Koptelefoon Inklapbaar - Bluetooth Hoofdtelefoon - Met microfoon - Zwart/Rood,4.4,173,/nl/nl/p/powerlocus-p2-draadloze-over-ear-koptelefoon-inklapbaar-bluetooth-hoofdtelefoon-met-microfoon-zwart-rood/9200000092929030/,29.99
Audio & Hifi,JBL,JBL T210 - In-Ear oordopjes - Zwart,4.1,782,/nl/nl/p/jbl-t210-in-ear-oordopjes-zwart/9200000064299124/,17.95
Audio & Hifi,Apple,Apple AirPods 2 - met reguliere oplaadcase,4.7,1373,/nl/nl/p/apple-airpods-2-met-reguliere-oplaadcase/9200000108340791/,139.95
Audio & Hifi,Apple,"Apple EarPods met 3,5mm headphone jack (koptelefoonaansluiting)",3.6,1351,/nl/nl/p/apple-earpods-met-3-5mm-headphone-jack/9200000075472002/,12.99
Audio & Hifi,Apple,Apple AirPods Pro met reguliere opbergcase - 2019 versie,4.5,599,/nl/nl/p/apple-airpods-pro-met-reguliere-opbergcase-2019-versie/9200000123229147/,219.95
Audio & Hifi,Google Nest,Google Nest Hub (2e generatie) - Charcoal,4.6,127,/nl/nl/p/google-nest-hub-charcoal/9300000035359740/,81.0
Audio & Hifi,Apple,Apple AirPods Pro met MagSafe-opbergcase,4.5,599,/nl/nl/p/apple-airpods-pro-met-magsafe-opbergcase/9300000061463567/,224.95
Audio & Hifi,Sony,Sony WH-1000XM3 - Draadloze over-ear koptelefoon met Noise Cancelling - Zwart,4.7,608,/nl/nl/p/sony-wh-1000xm3-draadloze-over-ear-koptelefoon-met-noise-cancelling-zwart/9200000096401054/,189.0
Audio & Hifi,JBL,JBL Tune 500BT - Draadloze on-ear koptelefoon - Zwart,4.4,788,/nl/nl/p/jbl-tune-500bt-draadloze-on-ear-koptelefoon-zwart/9200000126666901/,45.0
Audio & Hifi,Google Nest,Google Nest Mini - Smart Speaker / Zwart / Nederlandstalig,4.6,654,/nl/nl/p/google-nest-mini-smart-speaker-zwart-nederlandstalig/9200000119853679/,36.19
Audio & Hifi,Google Nest,Google Nest Mini - Smart Speaker / Grijs / Nederlandstalig,4.6,654,/nl/nl/p/google-nest-mini-smart-speaker-grijs-nederlandstalig/9200000119853681/,36.95
Audio & Hifi,PowerLocus,PowerLocus PLED Draadloze Koptelefoon Over-Ear voor Kinderen - LED lampjes - met Microfoon - Micro SD poort,5.0,17,/nl/nl/p/powerlocus-pled-draadloze-koptelefoon-over-ear-voor-kinderen-led-lampjes-met-microfoon-micro-sd-poort/9300000034072300/,34.99
Audio & Hifi,Cartronix,Autoradio klapscherm 1 din met navigatie multimedia - Radio - Navigatie - Gratis Camera -,4.3,12,/nl/nl/p/autoradio-klapscherm-1-din-met-navigatie-multimedia-radio-navigatie-gratis-camera/9200000089255477/,249.99
Audio & Hifi,JBL,JBL Flip 5 Zwart - Draagbare Bluetooth Speaker,4.6,319,/nl/nl/p/jbl-flip-5-zwart-draagbare-bluetooth-speaker/9200000108639206/,99.0
Audio & Hifi,Google Nest,Google Nest Audio - Charcoal,4.7,256,/nl/nl/p/google-nest-audio-charcoal/9300000012296163/,97.0
Audio & Hifi,Apple,Apple AirPods 3,4.1,9,/nl/nl/p/apple-airpods-3/9300000060466139/,189.95
Audio & Hifi,JBL,JBL Tune 225TWS Zwart - Volledig draadloze oordopjes,3.5,157,/nl/nl/p/jbl-tune-225tws-zwart-volledig-draadloze-oordopjes/9300000003044076/,79.99
Audio & Hifi,Google Nest,Google Nest Hub (2e generatie) - Chalk,4.6,127,/nl/nl/p/google-nest-hub-chalk/9300000035495317/,76.99
Audio & Hifi,JBL,JBL Tune 750BTNC - Over-ear koptelefoon met Noise Cancelling - Zwart,4.2,145,/nl/nl/p/jbl-tune-750btnc-over-ear-koptelefoon-met-noise-cancelling-zwart/9200000121983823/,87.99
Audio & Hifi,Wegman,Wegman Bluetooth FM Transmitter - Autolader - Bluetooth Carkit,4.8,711,/nl/nl/p/wegman-bluetooth-fm-transmitter-autolader-bluetooth-carkit/9300000001023970/,24.95
Audio & Hifi,DistinQ,DistinQ Wake-Up Light – Wekkerradio met dubbele wektijd – Slaaphulp met USB aansluiting,4.4,154,/nl/nl/p/distinq-wake-up-light-wekkerradio-met-dubbele-wektijd-slaaphulp-met-usb-aansluiting/9200000124865269/,44.99
Audio & Hifi,Samsung,Samsung Galaxy Buds Pro - Noise Cancelling - Zwart,4.2,88,/nl/nl/p/samsung-galaxy-buds-pro-noise-cancelling-zwart/9300000021875077/,139.0
Audio & Hifi,JBL,JBL Tune 125TWS Zwart - Volledig draadloze oordopjes,3.9,92,/nl/nl/p/jbl-tune-125tws-zwart-volledig-draadloze-oordopjes/9300000003044064/,69.95
Audio & Hifi,Philips,"Philips TAEP200 - DVD-speler (2000 series) met CD-ondersteuning (geschikt voor DivX Ultra, MPEG1, MPEG2, MPEG4) en HDMI - Zwart",4.4,222,/nl/nl/p/philips-taep200-dvd-speler-met-cd-ondersteuning-en-hdmi-zwart/9200000130079242/,39.95
Audio & Hifi,Hoco,Draadloze Oordopjes - Alternatief EarPods - Bluetooth 5.1 - Voor Apple & Android,4.0,8,/nl/nl/p/draadloze-oordopjes-alternatief-earpods-bluetooth-5-1-voor-apple-android/9300000060864501/,39.99
Audio & Hifi,JBL,JBL Tune 500 - On-ear koptelefoon - Zwart,4.3,140,/nl/nl/p/jbl-tune-500-on-ear-koptelefoon-zwart/9200000098045179/,23.29
Audio & Hifi,Google Nest,Google Nest Audio - Chalk,4.7,256,/nl/nl/p/google-nest-audio-chalk/9300000012296162/,73.75
Audio & Hifi,Cartronix,1Din autoradio – met navigatie – Klapscherm – Gratis Camera – Bluetooth – CD – DVD – Gesch,3.0,2,/nl/nl/p/1din-autoradio-met-navigatie-klapscherm-gratis-camera-bluetooth-cd-dvd-gesch/9200000094187793/,249.99
Audio & Hifi,Cartronix,Autoradio klapscherm 1 din met navigatie multimedia - Radio - Navigatie - Gratis Camera -,4.3,12,/nl/nl/p/autoradio-klapscherm-1-din-met-navigatie-multimedia-radio-navigatie-gratis-camera/9200000089255477/,249.99
Audio & Hifi,JBL,JBL Charge 5 Zwart - Draagbare Bluetooth Speaker,4.7,65,/nl/nl/p/jbl-charge-5-zwart-draagbare-bluetooth-speaker/9300000026047128/,154.0
Audio & Hifi,Rolfstone,Rolfstone Nova Sport - Volledig Draadloze Oordopjes – Zweetbestendige oortjes - USB-C - Touch - EXTRA BASS - Wingtips - Sport oortjes - Bluetooth - Blijven altijd zitten - AirPods Alternatief,4.4,931,/nl/nl/p/rolfstone-nova-sport-volledig-draadloze-oordopjes-zweetbestendige-oortjes-usb-c-touch-extra-bass-wingtips-sport-oortjes-bluetooth-blijven-altijd-zitten-airpods-alternatief/9200000101861365/,79.0
Audio & Hifi,JBL,JBL Tune 510BT - Draadloze on-ear koptelefoon - Zwart,4.1,38,/nl/nl/p/jbl-tune-510bt-draadloze-on-ear-koptelefoon-zwart/9300000025109728/,49.95
Audio & Hifi,Samsung,Samsung EH61 oordopjes bekabeld headset als nekkoord - Zwart,3.4,71,/nl/nl/p/samsung-eh61-oordopjes-bekabeld-headset-als-nekkoord-zwart/9200000121699606/,5.05
Audio & Hifi,Sonos,Sonos Roam - Zwart,4.6,54,/nl/nl/p/sonos-roam-zwart/9300000031646502/,199.0
Audio & Hifi,Sonos,Sonos One - Zwart,4.8,642,/nl/nl/p/sonos-one-zwart/9200000083962844/,229.0
Audio & Hifi,JBL,JBL Tuner 2 - Draagbare DAB+ radio met Bluetooth - Zwart,4.6,248,/nl/nl/p/jbl-tuner-2-draagbare-dab-radio-met-bluetooth-zwart/9200000129157187/,78.79
Audio & Hifi,WT-858,Karaoke Microfoon - Draadloos - Bluetooth Verbinding - Goud - Voor de gezelligste feestjes,3.0,112,/nl/nl/p/karaoke-microfoon-draadloos-bluetooth-verbinding-goud-voor-de-gezelligste-feestjes/9200000107883371/,0.0
Audio & Hifi,LifeGoods,"LifeGoods Condensator USB Microfoon met Arm - Cardioide Polair Patroon - PC, Laptop, Macbook, PlayStation - Plopkap - Ruisfilter - Zwart",4.6,45,/nl/nl/p/lifegoods-condensator-usb-microfoon-met-arm-cardioide-polair-patroon-pc-laptop-macbook-playstation-plopkap-ruisfilter-zwart/9300000020753654/,41.99
Audio & Hifi,JBL,JBL JR310 Headset Blauw/Roze - On-ear kinder koptelefoon,4.6,24,/nl/nl/p/jbl-jr310-headset-blauw-roze-on-ear-kinder-koptelefoon/9300000009699453/,22.99
Audio & Hifi,Jabra,Jabra Elite 85t - Volledig draadloze in-ear oordopjes met Noise Cancelling - Goud Beige,4.5,22,/nl/nl/p/jabra-elite-85t-volledig-draadloze-in-ear-oordopjes-met-noise-cancelling-goud-beige/9300000021550299/,169.0
Audio & Hifi,RYTMZ®,RYTMZ Handpan Drum | 28 cm | Koper | Meditatie | Klanktherapie | Sound Healing | Handpan | Steel tongue drum | Goud,4.4,29,/nl/nl/p/rytmz-handpan-drum-28-cm-koper-meditatie-klanktherapie-sound-healing-handpan-steel-tongue-drum-goud/9300000003020897/,157.0
Audio & Hifi,JBL,JBL Go 3 Zwart - Draadloze Bluetooth Mini Speaker,4.8,234,/nl/nl/p/jbl-go-3-zwart-draadloze-bluetooth-mini-speaker/9300000009699436/,0.0
Audio & Hifi,Sony,Sony WH-1000XM3 - Draadloze over-ear koptelefoon met Noise Cancelling - Zilvergrijs,4.7,608,/nl/nl/p/sony-wh-1000xm3-draadloze-over-ear-koptelefoon-met-noise-cancelling-zilvergrijs/9200000096401056/,189.0
Audio & Hifi,Sony,Sony WH-1000XM4 - Draadloze over-ear koptelefoon met Noise Cancelling - Zwart,4.4,156,/nl/nl/p/sony-wh-1000xm4-draadloze-over-ear-koptelefoon-met-noise-cancelling-zwart/9300000006173040/,271.0
Audio & Hifi,Yapa Electronics,Yapa Pro Wireless Earbuds - Draadloze Oordopjes Met Oplaadcase - USB-C - Apple & Android - Alternatief AirPods - Zwart,4.6,67,/nl/nl/p/yapa-pro-wireless-earbuds-draadloze-oordopjes-met-oplaadcase-usb-c-apple-android-alternatief-airpods-zwart/9300000043453980/,44.99
Audio & Hifi,JBL,JBL Flip Essential Grijs - Bluetooth Speaker,4.8,203,/nl/nl/p/jbl-flip-essential-grijs-bluetooth-speaker/9200000121983827/,94.95
Audio & Hifi,Samsung,Samsung - Original Headset - EHS64AVFWE (GH59-11720A) - 3.5mm,3.4,76,/nl/nl/p/samsung-original-headset-ehs64avfwe-3-5mm/9200000015473286/,5.9
Audio & Hifi,Sonos,Sonos One SL - Zwart,4.8,642,/nl/nl/p/sonos-one-sl-zwart/9200000119402629/,199.0
Audio & Hifi,Sony,Sony WH-CH710N - Draadloze over-ear koptelefoon met Noise Cancelling - Zwart,4.0,78,/nl/nl/p/sony-wh-ch710n-draadloze-over-ear-koptelefoon-met-noise-cancelling-zwart/9200000133045152/,0.0
Audio & Hifi,Sony,Sony MDR-ZX110 - On-ear koptelefoon - Zwart,4.4,435,/nl/nl/p/sony-mdr-zx110-on-ear-koptelefoon-zwart/9200000032872507/,12.95
Audio & Hifi,Merkloos,Siliconen Bescherm Hoesje Cover Roze voor Apple AirPods 1+2 Case,4.8,5,/nl/nl/p/siliconen-bescherm-hoesje-cover-roze-voor-apple-airpods-1-2-case/9200000126719017/,0.0
Audio & Hifi,BTH,Hoes voor Apple AirPods Hoesje Siliconen Case Cover - Blauw Grijs,4.2,172,/nl/nl/p/hoes-voor-apple-airpods-hoesje-siliconen-case-cover-blauw-grijs/9200000118015078/,4.95
Audio & Hifi,Mossmedia,Mossmedia Professional Draadloze Oordopjes - Met Oplaadcase - Wit,3.7,560,/nl/nl/p/mossmedia-professional-draadloze-oordopjes-met-oplaadcase-wit/9200000108684472/,34.99
Audio & Hifi,Sonos,Sonos Beam (Gen 2) - Soundbar - Zwart,4.2,15,/nl/nl/p/sonos-beam-soundbar-zwart/9300000051308767/,499.0
Audio & Hifi,Cartronix,1Din autoradio – met navigatie – Klapscherm – Gratis Camera – Bluetooth – CD – DVD – Gesch,3.0,2,/nl/nl/p/1din-autoradio-met-navigatie-klapscherm-gratis-camera-bluetooth-cd-dvd-gesch/9200000094187793/,249.99
Audio & Hifi,Motorola,Motorola VerveBuds 300 - draadloos - tot 10 uur speeltijd - compact - zwart,2.8,4,/nl/nl/p/motorola-vervebuds-300-draadloos-tot-10-uur-speeltijd-compact-zwart/9200000123569805/,49.99
Audio & Hifi,Philips,Philips SHK2000 - Kids Koptelefoon - On-Ear Volumebegrenzing - Blauw/Groen,4.4,324,/nl/nl/p/philips-shk2000-kids-koptelefoon-on-ear-volumebegrenzing-blauw-groen/9200000028104407/,18.01
Audio & Hifi,Sony,Sony WF-1000XM3 - Volledig draadloze oordopjes met Noise Cancelling - Zwart,4.2,221,/nl/nl/p/sony-wf-1000xm3-volledig-draadloze-oordopjes-met-noise-cancelling-zwart/9200000113116936/,129.0
Audio & Hifi,Ices Electronics,Ices ICR-210 Black - Wekkerradio - Radio - Sleeptimer - FM-tuner,4.4,275,/nl/nl/p/ices-icr-210-black-wekkerradio-radio-sleeptimer-fm-tuner/9200000051089083/,16.79
Audio & Hifi,Samsung,Samsung Type-C Earphones - black,2.8,21,/nl/nl/p/samsung-type-c-earphones-black/9200000126608563/,16.95
Audio & Hifi,Denver,Denver CR-420 - Wekkerradio - Zwart,4.6,30,/nl/nl/p/denver-cr-420-wekkerradio-zwart/9200000075953715/,16.99
Audio & Hifi,rheintech,Karaoke Microfoon - Draadloos - Bluetooth Verbinding - Zwart - Voor de gezelligste feestjes,1.8,17,/nl/nl/p/karaoke-microfoon-draadloos-bluetooth-verbinding-zwart-voor-de-gezelligste-feestjes/9200000107884176/,11.0
Audio & Hifi,Denver,Denver DAB-18 - Retro DAB+ radio met Bluetooth - Hout,4.2,202,/nl/nl/p/denver-dab-18-retro-dab-radio-met-bluetooth-hout/9200000083078192/,54.95
Audio & Hifi,Techrie,Oordopjes Draadloos - Oortjes Draadloos - Sport Oordopjes - Oortjes Bluetooth - Alternatief Airpods & Galaxy Buds -,3.8,200,/nl/nl/p/oordopjes-draadloos-oortjes-draadloos-sport-oordopjes-oortjes-bluetooth-alternatief-airpods-galaxy-buds/9300000015190055/,27.95
Audio & Hifi,iMoshion,iMoshion TWS-i1 Draadloze Oordopjes In-Ear - Met Oplaadcase - Earpods - Alternatief AirPods - Zwart,3.5,30,/nl/nl/p/imoshion-tws-i1-draadloze-oordopjes-in-ear-met-oplaadcase-earpods-alternatief-airpods-zwart/9300000025713534/,19.95
Audio & Hifi,LUQ,Bluetooth Adapter Draadloos Receiver Auto Carkit Muziek AUX Audio,3.1,85,/nl/nl/p/bluetooth-adapter-draadloos-receiver-auto-carkit-muziek-aux-audio/9300000019310702/,5.95
Audio & Hifi,RYTMZ®,RYTMZ Handpan Drum | 28 cm | Koper | Meditatie | Klanktherapie | Sound Healing | Handpan | Steel tongue drum | Goud,4.4,29,/nl/nl/p/rytmz-handpan-drum-28-cm-koper-meditatie-klanktherapie-sound-healing-handpan-steel-tongue-drum-goud/9300000003020897/,157.0
Audio & Hifi,Soundskins,Soundskins - Sonos Play 5 - Speakerhoes/accessoires - Olijfgroen,5.0,1,/nl/nl/p/soundskins-sonos-play-5-speakerhoes-accessoires-olijfgroen/9200000094126836/,59.0
Audio & Hifi,JBL,JBL Clip 4 Zwart - Draagbare Bluetooth Mini Speaker,4.8,57,/nl/nl/p/jbl-clip-4-zwart-draagbare-bluetooth-mini-speaker/9300000009699429/,49.99
Audio & Hifi,Rolfstone,Rolfstone Riva - Draadloze oordopjes met oplaadcase - Touch bediening - USB-C - Bluetooth oortjes - Qi Draadloos opladen - Airpods Alternatief,4.3,221,/nl/nl/p/rolfstone-riva-draadloze-oordopjes-met-oplaadcase-touch-bediening-usb-c-bluetooth-oortjes-qi-draadloos-opladen-airpods-alternatief/9300000004630486/,59.0
Audio & Hifi,QCY,QCY T2C (2e gen) - Volledig draadloze oordopjes - Zwart,4.2,471,/nl/nl/p/qcy-t2c-volledig-draadloze-oordopjes-zwart/9200000108698703/,27.95
Audio & Hifi,Bigben,Bigben PARTYBTLITE Zwart - Bluetooth Party Speaker,4.5,28,/nl/nl/p/bigben-partybtlite-zwart-bluetooth-party-speaker/9200000109486696/,39.0
Audio & Hifi,JBL,JBL Tune 500BT - Draadloze on-ear koptelefoon - Wit,4.4,788,/nl/nl/p/jbl-tune-500bt-draadloze-on-ear-koptelefoon-wit/9200000098045183/,39.99
Audio & Hifi,Logitech,Logitech Bluetooth Audio Adapter,4.6,317,/nl/nl/p/logitech-bluetooth-audio-adapter/9200000025962334/,31.95
Audio & Hifi,Philips,Philips HF3519/01 - Wake-up light - Wit,4.5,650,/nl/nl/p/philips-hf3519-01-wake-up-light-wit/9300000006206085/,153.0
Audio & Hifi,"STUDIO 100 , K3",K3 Koptelefoon - Hoofdtelefoon - Regenboog,3.0,2,/nl/nl/p/k3-koptelefoon-hoofdtelefoon-regenboog/9300000041150655/,16.99
Audio & Hifi,Samsung,Samsung Galaxy Buds 2 - Zwart,4.4,22,/nl/nl/p/samsung-galaxy-buds-2-zwart/9300000043400633/,112.95
Audio & Hifi,Sony,Sony DVP-SR760H - DVD-speler met HDMI-aansluiting,4.5,331,/nl/nl/p/sony-dvp-sr760h-dvd-speler-met-hdmi-aansluiting/9000000012111684/,45.0
Audio & Hifi,Marshall,Marshall Major IV - Draadloze On-ear Koptelefoon - Zwart,4.6,36,/nl/nl/p/marshall-major-iv-draadloze-on-ear-koptelefoon-zwart/9300000020056508/,94.99
Audio & Hifi,TAR3306/12,Philips TAR3306 - Klokradio - Zwart,4.0,5,/nl/nl/p/philips-tar3306-klokradio-zwart/9300000042726225/,23.29
Audio & Hifi,Merkloos,Premium Gitaarklem Capo Snaren / Akoestisch / Elektrisch / Gitaar / Zwart,2.5,8,/nl/nl/p/premium-gitaarklem-capo-snaren-akoestisch-elektrisch-gitaar-zwart/9200000105764821/,6.5
